tenant1user1@mailinator.com,123456
tenant1user2@mailinator.com,123456
tenant1user3@mailinator.com,123456
tenant1user4@mailinator.com,123456
tenant1user5@mailinator.com,123456
tenant1user6@mailinator.com,123456
tenant1user7@mailinator.com,123456
tenant1user8@mailinator.com,123456
tenant1user9@mailinator.com,123456
tenant1user10@mailinator.com,123456
tenant1user11@mailinator.com,123456
tenant1user12@mailinator.com,123456
tenant1user13@mailinator.com,123456
tenant1user14@mailinator.com,123456
tenant1user15@mailinator.com,123456
tenant1user16@mailinator.com,123456
tenant1user17@mailinator.com,123456
tenant1user18@mailinator.com,123456
tenant1user19@mailinator.com,123456
tenant1user20@mailinator.com,123456
tenant1user21@mailinator.com,123456
tenant1user22@mailinator.com,123456
tenant1user23@mailinator.com,123456
tenant1user24@mailinator.com,123456
tenant1user25@mailinator.com,123456
tenant1user26@mailinator.com,123456
tenant1user27@mailinator.com,123456
tenant1user28@mailinator.com,123456
tenant1user29@mailinator.com,123456
tenant1user30@mailinator.com,123456
tenant1user31@mailinator.com,123456
tenant1user32@mailinator.com,123456
tenant1user33@mailinator.com,123456
tenant1user34@mailinator.com,123456
tenant1user35@mailinator.com,123456
tenant1user36@mailinator.com,123456
tenant1user37@mailinator.com,123456
tenant1user38@mailinator.com,123456
tenant1user39@mailinator.com,123456
tenant1user40@mailinator.com,123456
tenant1user41@mailinator.com,123456
tenant1user42@mailinator.com,123456
tenant1user43@mailinator.com,123456
tenant1user44@mailinator.com,123456
tenant1user45@mailinator.com,123456
tenant1user46@mailinator.com,123456
tenant1user47@mailinator.com,123456
tenant1user48@mailinator.com,123456
tenant1user49@mailinator.com,123456
tenant1user50@mailinator.com,123456
tenant1user51@mailinator.com,123456
tenant1user52@mailinator.com,123456
tenant1user53@mailinator.com,123456
tenant1user54@mailinator.com,123456
tenant1user55@mailinator.com,123456
tenant1user56@mailinator.com,123456
tenant1user57@mailinator.com,123456
tenant1user58@mailinator.com,123456
tenant1user59@mailinator.com,123456
tenant1user60@mailinator.com,123456
tenant1user61@mailinator.com,123456
tenant1user62@mailinator.com,123456
tenant1user63@mailinator.com,123456
tenant1user64@mailinator.com,123456
tenant1user65@mailinator.com,123456
tenant1user66@mailinator.com,123456
tenant1user67@mailinator.com,123456
tenant1user68@mailinator.com,123456
tenant1user69@mailinator.com,123456
tenant1user70@mailinator.com,123456
tenant1user71@mailinator.com,123456
tenant1user72@mailinator.com,123456
tenant1user73@mailinator.com,123456
tenant1user74@mailinator.com,123456
tenant1user75@mailinator.com,123456
tenant1user76@mailinator.com,123456
tenant1user77@mailinator.com,123456
tenant1user78@mailinator.com,123456
tenant1user79@mailinator.com,123456
tenant1user80@mailinator.com,123456
tenant1user81@mailinator.com,123456
tenant1user82@mailinator.com,123456
tenant1user83@mailinator.com,123456
tenant1user84@mailinator.com,123456
tenant1user85@mailinator.com,123456
tenant1user86@mailinator.com,123456
tenant1user87@mailinator.com,123456
tenant1user88@mailinator.com,123456
tenant1user89@mailinator.com,123456
tenant1user90@mailinator.com,123456
tenant1user91@mailinator.com,123456
tenant1user92@mailinator.com,123456
tenant1user93@mailinator.com,123456
tenant1user94@mailinator.com,123456
tenant1user95@mailinator.com,123456
tenant1user96@mailinator.com,123456
tenant1user97@mailinator.com,123456
tenant1user98@mailinator.com,123456
tenant1user99@mailinator.com,123456
tenant1user100@mailinator.com,123456
tenant2user1@mailinator.com,123456
tenant2user2@mailinator.com,123456
tenant2user3@mailinator.com,123456
tenant2user4@mailinator.com,123456
tenant2user5@mailinator.com,123456
tenant2user6@mailinator.com,123456
tenant2user7@mailinator.com,123456
tenant2user8@mailinator.com,123456
tenant2user9@mailinator.com,123456
tenant2user10@mailinator.com,123456
tenant2user11@mailinator.com,123456
tenant2user12@mailinator.com,123456
tenant2user13@mailinator.com,123456
tenant2user14@mailinator.com,123456
tenant2user15@mailinator.com,123456
tenant2user16@mailinator.com,123456
tenant2user17@mailinator.com,123456
tenant2user18@mailinator.com,123456
tenant2user19@mailinator.com,123456
tenant2user20@mailinator.com,123456
tenant2user21@mailinator.com,123456
tenant2user22@mailinator.com,123456
tenant2user23@mailinator.com,123456
tenant2user24@mailinator.com,123456
tenant2user25@mailinator.com,123456
tenant2user26@mailinator.com,123456
tenant2user27@mailinator.com,123456
tenant2user28@mailinator.com,123456
tenant2user29@mailinator.com,123456
tenant2user30@mailinator.com,123456
tenant2user31@mailinator.com,123456
tenant2user32@mailinator.com,123456
tenant2user33@mailinator.com,123456
tenant2user34@mailinator.com,123456
tenant2user35@mailinator.com,123456
tenant2user36@mailinator.com,123456
tenant2user37@mailinator.com,123456
tenant2user38@mailinator.com,123456
tenant2user39@mailinator.com,123456
tenant2user40@mailinator.com,123456
tenant2user41@mailinator.com,123456
tenant2user42@mailinator.com,123456
tenant2user43@mailinator.com,123456
tenant2user44@mailinator.com,123456
tenant2user45@mailinator.com,123456
tenant2user46@mailinator.com,123456
tenant2user47@mailinator.com,123456
tenant2user48@mailinator.com,123456
tenant2user49@mailinator.com,123456
tenant2user50@mailinator.com,123456
tenant2user51@mailinator.com,123456
tenant2user52@mailinator.com,123456
tenant2user53@mailinator.com,123456
tenant2user54@mailinator.com,123456
tenant2user55@mailinator.com,123456
tenant2user56@mailinator.com,123456
tenant2user57@mailinator.com,123456
tenant2user58@mailinator.com,123456
tenant2user59@mailinator.com,123456
tenant2user60@mailinator.com,123456
tenant2user61@mailinator.com,123456
tenant2user62@mailinator.com,123456
tenant2user63@mailinator.com,123456
tenant2user64@mailinator.com,123456
tenant2user65@mailinator.com,123456
tenant2user66@mailinator.com,123456
tenant2user67@mailinator.com,123456
tenant2user68@mailinator.com,123456
tenant2user69@mailinator.com,123456
tenant2user70@mailinator.com,123456
tenant2user71@mailinator.com,123456
tenant2user72@mailinator.com,123456
tenant2user73@mailinator.com,123456
tenant2user74@mailinator.com,123456
tenant2user75@mailinator.com,123456
tenant2user76@mailinator.com,123456
tenant2user77@mailinator.com,123456
tenant2user78@mailinator.com,123456
tenant2user79@mailinator.com,123456
tenant2user80@mailinator.com,123456
tenant2user81@mailinator.com,123456
tenant2user82@mailinator.com,123456
tenant2user83@mailinator.com,123456
tenant2user84@mailinator.com,123456
tenant2user85@mailinator.com,123456
tenant2user86@mailinator.com,123456
tenant2user87@mailinator.com,123456
tenant2user88@mailinator.com,123456
tenant2user89@mailinator.com,123456
tenant2user90@mailinator.com,123456
tenant2user91@mailinator.com,123456
tenant2user92@mailinator.com,123456
tenant2user93@mailinator.com,123456
tenant2user94@mailinator.com,123456
tenant2user95@mailinator.com,123456
tenant2user96@mailinator.com,123456
tenant2user97@mailinator.com,123456
tenant2user98@mailinator.com,123456
tenant2user99@mailinator.com,123456
tenant2user100@mailinator.com,123456
tenant3user1@mailinator.com,123456
tenant3user2@mailinator.com,123456
tenant3user3@mailinator.com,123456
tenant3user4@mailinator.com,123456
tenant3user5@mailinator.com,123456
tenant3user6@mailinator.com,123456
tenant3user7@mailinator.com,123456
tenant3user8@mailinator.com,123456
tenant3user9@mailinator.com,123456
tenant3user10@mailinator.com,123456
tenant3user11@mailinator.com,123456
tenant3user12@mailinator.com,123456
tenant3user13@mailinator.com,123456
tenant3user14@mailinator.com,123456
tenant3user15@mailinator.com,123456
tenant3user16@mailinator.com,123456
tenant3user17@mailinator.com,123456
tenant3user18@mailinator.com,123456
tenant3user19@mailinator.com,123456
tenant3user20@mailinator.com,123456
tenant3user21@mailinator.com,123456
tenant3user22@mailinator.com,123456
tenant3user23@mailinator.com,123456
tenant3user24@mailinator.com,123456
tenant3user25@mailinator.com,123456
tenant3user26@mailinator.com,123456
tenant3user27@mailinator.com,123456
tenant3user28@mailinator.com,123456
tenant3user29@mailinator.com,123456
tenant3user30@mailinator.com,123456
tenant3user31@mailinator.com,123456
tenant3user32@mailinator.com,123456
tenant3user33@mailinator.com,123456
tenant3user34@mailinator.com,123456
tenant3user35@mailinator.com,123456
tenant3user36@mailinator.com,123456
tenant3user37@mailinator.com,123456
tenant3user38@mailinator.com,123456
tenant3user39@mailinator.com,123456
tenant3user40@mailinator.com,123456
tenant3user41@mailinator.com,123456
tenant3user42@mailinator.com,123456
tenant3user43@mailinator.com,123456
tenant3user44@mailinator.com,123456
tenant3user45@mailinator.com,123456
tenant3user46@mailinator.com,123456
tenant3user47@mailinator.com,123456
tenant3user48@mailinator.com,123456
tenant3user49@mailinator.com,123456
tenant3user50@mailinator.com,123456
tenant3user51@mailinator.com,123456
tenant3user52@mailinator.com,123456
tenant3user53@mailinator.com,123456
tenant3user54@mailinator.com,123456
tenant3user55@mailinator.com,123456
tenant3user56@mailinator.com,123456
tenant3user57@mailinator.com,123456
tenant3user58@mailinator.com,123456
tenant3user59@mailinator.com,123456
tenant3user60@mailinator.com,123456
tenant3user61@mailinator.com,123456
tenant3user62@mailinator.com,123456
tenant3user63@mailinator.com,123456
tenant3user64@mailinator.com,123456
tenant3user65@mailinator.com,123456
tenant3user66@mailinator.com,123456
tenant3user67@mailinator.com,123456
tenant3user68@mailinator.com,123456
tenant3user69@mailinator.com,123456
tenant3user70@mailinator.com,123456
tenant3user71@mailinator.com,123456
tenant3user72@mailinator.com,123456
tenant3user73@mailinator.com,123456
tenant3user74@mailinator.com,123456
tenant3user75@mailinator.com,123456
tenant3user76@mailinator.com,123456
tenant3user77@mailinator.com,123456
tenant3user78@mailinator.com,123456
tenant3user79@mailinator.com,123456
tenant3user80@mailinator.com,123456
tenant3user81@mailinator.com,123456
tenant3user82@mailinator.com,123456
tenant3user83@mailinator.com,123456
tenant3user84@mailinator.com,123456
tenant3user85@mailinator.com,123456
tenant3user86@mailinator.com,123456
tenant3user87@mailinator.com,123456
tenant3user88@mailinator.com,123456
tenant3user89@mailinator.com,123456
tenant3user90@mailinator.com,123456
tenant3user91@mailinator.com,123456
tenant3user92@mailinator.com,123456
tenant3user93@mailinator.com,123456
tenant3user94@mailinator.com,123456
tenant3user95@mailinator.com,123456
tenant3user96@mailinator.com,123456
tenant3user97@mailinator.com,123456
tenant3user98@mailinator.com,123456
tenant3user99@mailinator.com,123456
tenant3user100@mailinator.com,123456
tenant4user1@mailinator.com,123456
tenant4user2@mailinator.com,123456
tenant4user3@mailinator.com,123456
tenant4user4@mailinator.com,123456
tenant4user5@mailinator.com,123456
tenant4user6@mailinator.com,123456
tenant4user7@mailinator.com,123456
tenant4user8@mailinator.com,123456
tenant4user9@mailinator.com,123456
tenant4user10@mailinator.com,123456
tenant4user11@mailinator.com,123456
tenant4user12@mailinator.com,123456
tenant4user13@mailinator.com,123456
tenant4user14@mailinator.com,123456
tenant4user15@mailinator.com,123456
tenant4user16@mailinator.com,123456
tenant4user17@mailinator.com,123456
tenant4user18@mailinator.com,123456
tenant4user19@mailinator.com,123456
tenant4user20@mailinator.com,123456
tenant4user21@mailinator.com,123456
tenant4user22@mailinator.com,123456
tenant4user23@mailinator.com,123456
tenant4user24@mailinator.com,123456
tenant4user25@mailinator.com,123456
tenant4user26@mailinator.com,123456
tenant4user27@mailinator.com,123456
tenant4user28@mailinator.com,123456
tenant4user29@mailinator.com,123456
tenant4user30@mailinator.com,123456
tenant4user31@mailinator.com,123456
tenant4user32@mailinator.com,123456
tenant4user33@mailinator.com,123456
tenant4user34@mailinator.com,123456
tenant4user35@mailinator.com,123456
tenant4user36@mailinator.com,123456
tenant4user37@mailinator.com,123456
tenant4user38@mailinator.com,123456
tenant4user39@mailinator.com,123456
tenant4user40@mailinator.com,123456
tenant4user41@mailinator.com,123456
tenant4user42@mailinator.com,123456
tenant4user43@mailinator.com,123456
tenant4user44@mailinator.com,123456
tenant4user45@mailinator.com,123456
tenant4user46@mailinator.com,123456
tenant4user47@mailinator.com,123456
tenant4user48@mailinator.com,123456
tenant4user49@mailinator.com,123456
tenant4user50@mailinator.com,123456
tenant4user51@mailinator.com,123456
tenant4user52@mailinator.com,123456
tenant4user53@mailinator.com,123456
tenant4user54@mailinator.com,123456
tenant4user55@mailinator.com,123456
tenant4user56@mailinator.com,123456
tenant4user57@mailinator.com,123456
tenant4user58@mailinator.com,123456
tenant4user59@mailinator.com,123456
tenant4user60@mailinator.com,123456
tenant4user61@mailinator.com,123456
tenant4user62@mailinator.com,123456
tenant4user63@mailinator.com,123456
tenant4user64@mailinator.com,123456
tenant4user65@mailinator.com,123456
tenant4user66@mailinator.com,123456
tenant4user67@mailinator.com,123456
tenant4user68@mailinator.com,123456
tenant4user69@mailinator.com,123456
tenant4user70@mailinator.com,123456
tenant4user71@mailinator.com,123456
tenant4user72@mailinator.com,123456
tenant4user73@mailinator.com,123456
tenant4user74@mailinator.com,123456
tenant4user75@mailinator.com,123456
tenant4user76@mailinator.com,123456
tenant4user77@mailinator.com,123456
tenant4user78@mailinator.com,123456
tenant4user79@mailinator.com,123456
tenant4user80@mailinator.com,123456
tenant4user81@mailinator.com,123456
tenant4user82@mailinator.com,123456
tenant4user83@mailinator.com,123456
tenant4user84@mailinator.com,123456
tenant4user85@mailinator.com,123456
tenant4user86@mailinator.com,123456
tenant4user87@mailinator.com,123456
tenant4user88@mailinator.com,123456
tenant4user89@mailinator.com,123456
tenant4user90@mailinator.com,123456
tenant4user91@mailinator.com,123456
tenant4user92@mailinator.com,123456
tenant4user93@mailinator.com,123456
tenant4user94@mailinator.com,123456
tenant4user95@mailinator.com,123456
tenant4user96@mailinator.com,123456
tenant4user97@mailinator.com,123456
tenant4user98@mailinator.com,123456
tenant4user99@mailinator.com,123456
tenant4user100@mailinator.com,123456
tenant5user1@mailinator.com,123456
tenant5user2@mailinator.com,123456
tenant5user3@mailinator.com,123456
tenant5user4@mailinator.com,123456
tenant5user5@mailinator.com,123456
tenant5user6@mailinator.com,123456
tenant5user7@mailinator.com,123456
tenant5user8@mailinator.com,123456
tenant5user9@mailinator.com,123456
tenant5user10@mailinator.com,123456
tenant5user11@mailinator.com,123456
tenant5user12@mailinator.com,123456
tenant5user13@mailinator.com,123456
tenant5user14@mailinator.com,123456
tenant5user15@mailinator.com,123456
tenant5user16@mailinator.com,123456
tenant5user17@mailinator.com,123456
tenant5user18@mailinator.com,123456
tenant5user19@mailinator.com,123456
tenant5user20@mailinator.com,123456
tenant5user21@mailinator.com,123456
tenant5user22@mailinator.com,123456
tenant5user23@mailinator.com,123456
tenant5user24@mailinator.com,123456
tenant5user25@mailinator.com,123456
tenant5user26@mailinator.com,123456
tenant5user27@mailinator.com,123456
tenant5user28@mailinator.com,123456
tenant5user29@mailinator.com,123456
tenant5user30@mailinator.com,123456
tenant5user31@mailinator.com,123456
tenant5user32@mailinator.com,123456
tenant5user33@mailinator.com,123456
tenant5user34@mailinator.com,123456
tenant5user35@mailinator.com,123456
tenant5user36@mailinator.com,123456
tenant5user37@mailinator.com,123456
tenant5user38@mailinator.com,123456
tenant5user39@mailinator.com,123456
tenant5user40@mailinator.com,123456
tenant5user41@mailinator.com,123456
tenant5user42@mailinator.com,123456
tenant5user43@mailinator.com,123456
tenant5user44@mailinator.com,123456
tenant5user45@mailinator.com,123456
tenant5user46@mailinator.com,123456
tenant5user47@mailinator.com,123456
tenant5user48@mailinator.com,123456
tenant5user49@mailinator.com,123456
tenant5user50@mailinator.com,123456
tenant5user51@mailinator.com,123456
tenant5user52@mailinator.com,123456
tenant5user53@mailinator.com,123456
tenant5user54@mailinator.com,123456
tenant5user55@mailinator.com,123456
tenant5user56@mailinator.com,123456
tenant5user57@mailinator.com,123456
tenant5user58@mailinator.com,123456
tenant5user59@mailinator.com,123456
tenant5user60@mailinator.com,123456
tenant5user61@mailinator.com,123456
tenant5user62@mailinator.com,123456
tenant5user63@mailinator.com,123456
tenant5user64@mailinator.com,123456
tenant5user65@mailinator.com,123456
tenant5user66@mailinator.com,123456
tenant5user67@mailinator.com,123456
tenant5user68@mailinator.com,123456
tenant5user69@mailinator.com,123456
tenant5user70@mailinator.com,123456
tenant5user71@mailinator.com,123456
tenant5user72@mailinator.com,123456
tenant5user73@mailinator.com,123456
tenant5user74@mailinator.com,123456
tenant5user75@mailinator.com,123456
tenant5user76@mailinator.com,123456
tenant5user77@mailinator.com,123456
tenant5user78@mailinator.com,123456
tenant5user79@mailinator.com,123456
tenant5user80@mailinator.com,123456
tenant5user81@mailinator.com,123456
tenant5user82@mailinator.com,123456
tenant5user83@mailinator.com,123456
tenant5user84@mailinator.com,123456
tenant5user85@mailinator.com,123456
tenant5user86@mailinator.com,123456
tenant5user87@mailinator.com,123456
tenant5user88@mailinator.com,123456
tenant5user89@mailinator.com,123456
tenant5user90@mailinator.com,123456
tenant5user91@mailinator.com,123456
tenant5user92@mailinator.com,123456
tenant5user93@mailinator.com,123456
tenant5user94@mailinator.com,123456
tenant5user95@mailinator.com,123456
tenant5user96@mailinator.com,123456
tenant5user97@mailinator.com,123456
tenant5user98@mailinator.com,123456
tenant5user99@mailinator.com,123456
tenant5user100@mailinator.com,123456
