tenant6user1@mailinator.com,123456
tenant6user2@mailinator.com,123456
tenant6user3@mailinator.com,123456
tenant6user4@mailinator.com,123456
tenant6user5@mailinator.com,123456
tenant6user6@mailinator.com,123456
tenant6user7@mailinator.com,123456
tenant6user8@mailinator.com,123456
tenant6user9@mailinator.com,123456
tenant6user10@mailinator.com,123456
tenant6user11@mailinator.com,123456
tenant6user12@mailinator.com,123456
tenant6user13@mailinator.com,123456
tenant6user14@mailinator.com,123456
tenant6user15@mailinator.com,123456
tenant6user16@mailinator.com,123456
tenant6user17@mailinator.com,123456
tenant6user18@mailinator.com,123456
tenant6user19@mailinator.com,123456
tenant6user20@mailinator.com,123456
tenant7user1@mailinator.com,123456
tenant7user2@mailinator.com,123456
tenant7user3@mailinator.com,123456
tenant7user4@mailinator.com,123456
tenant7user5@mailinator.com,123456
tenant7user6@mailinator.com,123456
tenant7user7@mailinator.com,123456
tenant7user8@mailinator.com,123456
tenant7user9@mailinator.com,123456
tenant7user10@mailinator.com,123456
tenant7user11@mailinator.com,123456
tenant7user12@mailinator.com,123456
tenant7user13@mailinator.com,123456
tenant7user14@mailinator.com,123456
tenant7user15@mailinator.com,123456
tenant7user16@mailinator.com,123456
tenant7user17@mailinator.com,123456
tenant7user18@mailinator.com,123456
tenant7user19@mailinator.com,123456
tenant7user20@mailinator.com,123456
tenant8user1@mailinator.com,123456
tenant8user2@mailinator.com,123456
tenant8user3@mailinator.com,123456
tenant8user4@mailinator.com,123456
tenant8user5@mailinator.com,123456
tenant8user6@mailinator.com,123456
tenant8user7@mailinator.com,123456
tenant8user8@mailinator.com,123456
tenant8user9@mailinator.com,123456
tenant8user10@mailinator.com,123456
tenant8user11@mailinator.com,123456
tenant8user12@mailinator.com,123456
tenant8user13@mailinator.com,123456
tenant8user14@mailinator.com,123456
tenant8user15@mailinator.com,123456
tenant8user16@mailinator.com,123456
tenant8user17@mailinator.com,123456
tenant8user18@mailinator.com,123456
tenant8user19@mailinator.com,123456
tenant8user20@mailinator.com,123456
tenant9user1@mailinator.com,123456
tenant9user2@mailinator.com,123456
tenant9user3@mailinator.com,123456
tenant9user4@mailinator.com,123456
tenant9user5@mailinator.com,123456
tenant9user6@mailinator.com,123456
tenant9user7@mailinator.com,123456
tenant9user8@mailinator.com,123456
tenant9user9@mailinator.com,123456
tenant9user10@mailinator.com,123456
tenant9user11@mailinator.com,123456
tenant9user12@mailinator.com,123456
tenant9user13@mailinator.com,123456
tenant9user14@mailinator.com,123456
tenant9user15@mailinator.com,123456
tenant9user16@mailinator.com,123456
tenant9user17@mailinator.com,123456
tenant9user18@mailinator.com,123456
tenant9user19@mailinator.com,123456
tenant9user20@mailinator.com,123456
tenant10user1@mailinator.com,123456
tenant10user2@mailinator.com,123456
tenant10user3@mailinator.com,123456
tenant10user4@mailinator.com,123456
tenant10user5@mailinator.com,123456
tenant10user6@mailinator.com,123456
tenant10user7@mailinator.com,123456
tenant10user8@mailinator.com,123456
tenant10user9@mailinator.com,123456
tenant10user10@mailinator.com,123456
tenant10user11@mailinator.com,123456
tenant10user12@mailinator.com,123456
tenant10user13@mailinator.com,123456
tenant10user14@mailinator.com,123456
tenant10user15@mailinator.com,123456
tenant10user16@mailinator.com,123456
tenant10user17@mailinator.com,123456
tenant10user18@mailinator.com,123456
tenant10user19@mailinator.com,123456
tenant10user20@mailinator.com,123456
